OBJECTID,Codigo,Provincia,Total,Anio,TipoEmpresa,cod,Shape__Area,Shape__Length,TipoHipoteca,M01,M02,M03,M04,M05,M06,M07,M08,M09,M10,M11,M12
1.0,1.0,Araba/Álava,828.0,2017,Sociedad_Anonima,1.0,5558819816.938479,899065.384760544,Importe_hipotecas,48296.0,57233.0,53254.0,31073.0,63502.0,29401.0,32969.0,22977.0,44810.0,39951.0,37119.0,31979.0
2.0,2.0,Albacete,488.0,2017,Sociedad_Anonima,2.0,24628869196.6688,982714.9831766171,Importe_hipotecas,18417.0,20632.0,28018.0,19598.0,52585.0,23393.0,44807.0,35571.0,44849.0,16399.0,38425.0,23339.0
3.0,3.0,Alicante,1650.0,2017,Sociedad_Anonima,3.0,9507175453.60967,698396.737290055,Importe_hipotecas,165330.0,149503.0,210355.0,222585.0,153248.0,157547.0,121150.0,128666.0,206276.0,125571.0,150514.0,115540.0
4.0,4.0,Almería,617.0,2017,Sociedad_Anonima,4.0,13855293063.9255,764383.039721032,Importe_hipotecas,53648.0,60756.0,79137.0,100574.0,63395.0,55218.0,54463.0,161397.0,109346.0,64817.0,114675.0,66255.0
5.0,5.0,Ávila,130.0,2017,Sociedad_Anonima,5.0,13966290552.5479,825947.5261177691,Importe_hipotecas,5644.0,9953.0,5413.0,8598.0,6185.0,8805.0,7332.0,3406.0,8994.0,6545.0,7827.0,6345.0
6.0,6.0,Badajoz,639.0,2017,Sociedad_Anonima,6.0,35803975339.5203,1452266.34287763,Importe_hipotecas,132842.0,44680.0,34165.0,29641.0,55736.0,34778.0,27405.0,37356.0,41243.0,40108.0,24720.0,28466.0
7.0,7.0,"Balears, Illes",2351.0,2017,Sociedad_Anonima,7.0,8397658655.339479,1885856.05039272,Importe_hipotecas,264150.0,206651.0,227123.0,174105.0,300946.0,277222.0,279123.0,220866.0,289389.0,193939.0,222455.0,207790.0
8.0,8.0,Barcelona,14887.0,2017,Sociedad_Anonima,8.0,13892170189.5469,1078129.1918187,Importe_hipotecas,742864.0,787048.0,725512.0,578403.0,773931.0,716581.0,748531.0,734981.0,810622.0,609980.0,789609.0,478835.0
9.0,9.0,Burgos,662.0,2017,Sociedad_Anonima,9.0,26203492774.134,1530155.70044239,Importe_hipotecas,25210.0,26700.0,32329.0,29804.0,24443.0,20993.0,23892.0,24705.0,27385.0,27755.0,28738.0,23864.0
10.0,10.0,Cáceres,332.0,2017,Sociedad_Anonima,10.0,33620075321.1089,1242300.63638205,Importe_hipotecas,17118.0,13579.0,15486.0,7744.0,30604.0,33131.0,13920.0,30120.0,17151.0,17418.0,15368.0,26674.0
11.0,11.0,Cádiz,806.0,2017,Sociedad_Anonima,11.0,11546868058.7637,895286.367485857,Importe_hipotecas,93168.0,91703.0,143773.0,93267.0,112773.0,151914.0,86377.0,146531.0,107386.0,89290.0,103355.0,73075.0
12.0,12.0,Castellón/Castelló,751.0,2017,Sociedad_Anonima,12.0,11396498994.3888,689218.0799780571,Importe_hipotecas,35065.0,72143.0,38389.0,22885.0,31036.0,39264.0,34956.0,31725.0,43630.0,27896.0,39531.0,17295.0
13.0,13.0,Ciudad Real,430.0,2017,Sociedad_Anonima,13.0,32784774691.1465,1226477.61440341,Importe_hipotecas,21289.0,28953.0,19920.0,15221.0,21220.0,20496.0,14585.0,24421.0,21068.0,26341.0,17708.0,14924.0
14.0,14.0,Córdoba,637.0,2017,Sociedad_Anonima,14.0,22210490613.4485,1035879.20411489,Importe_hipotecas,51110.0,47528.0,64232.0,51533.0,64463.0,53524.0,54735.0,61376.0,47569.0,57183.0,58937.0,40061.0
15.0,15.0,"Coruña, A",1214.0,2017,Sociedad_Anonima,15.0,14932452746.9961,1672703.78439944,Importe_hipotecas,62161.0,109692.0,59504.0,54899.0,69150.0,61674.0,53426.0,118373.0,51686.0,58973.0,67629.0,53655.0
16.0,16.0,Cuenca,211.0,2017,Sociedad_Anonima,16.0,29155970159.0682,1004195.48622818,Importe_hipotecas,14583.0,6949.0,15367.0,7703.0,7972.0,13169.0,10974.0,11342.0,11366.0,9209.0,4511.0,8137.0
17.0,17.0,Girona,1671.0,2017,Sociedad_Anonima,17.0,10752045126.223,1070140.38049906,Importe_hipotecas,73285.0,74974.0,115810.0,59951.0,85708.0,81357.0,83799.0,99075.0,74583.0,71408.0,55503.0,43899.0
18.0,18.0,Granada,700.0,2017,Sociedad_Anonima,18.0,20029967206.933,901313.088636386,Importe_hipotecas,76690.0,69138.0,95977.0,63307.0,72612.0,90361.0,66030.0,81856.0,75836.0,73229.0,59860.0,71097.0
19.0,19.0,Guadalajara,259.0,2017,Sociedad_Anonima,19.0,21341530340.3421,1082690.53386729,Importe_hipotecas,18655.0,28417.0,26864.0,13919.0,41115.0,94453.0,17791.0,36487.0,32572.0,17171.0,20381.0,29687.0
20.0,20.0,Gipuzkoa,1418.0,2017,Sociedad_Anonima,20.0,3756971201.4628897,476274.62841412204,Importe_hipotecas,112631.0,98195.0,114086.0,126600.0,128187.0,104830.0,94309.0,90065.0,105207.0,62028.0,81629.0,100099.0
21.0,21.0,Huelva,332.0,2017,Sociedad_Anonima,21.0,16153285348.281,835365.683870377,Importe_hipotecas,32052.0,33778.0,32621.0,34854.0,34976.0,36684.0,25510.0,36003.0,44457.0,26228.0,45172.0,28776.0
22.0,22.0,Huesca,361.0,2017,Sociedad_Anonima,22.0,28522889036.2312,1093487.92655755,Importe_hipotecas,24581.0,30620.0,13363.0,21509.0,23891.0,25784.0,17356.0,13953.0,17968.0,13718.0,25616.0,10975.0
23.0,23.0,Jaén,319.0,2017,Sociedad_Anonima,23.0,21780119684.2118,848387.076715209,Importe_hipotecas,37756.0,26703.0,24409.0,30372.0,40697.0,39258.0,24996.0,47538.0,30825.0,30147.0,34337.0,29945.0
24.0,24.0,León,623.0,2017,Sociedad_Anonima,24.0,28794563640.7422,1141075.69540809,Importe_hipotecas,22575.0,34509.0,28227.0,15109.0,37256.0,20615.0,20341.0,17818.0,28921.0,19337.0,18612.0,9607.0
25.0,25.0,Lleida,704.0,2017,Sociedad_Anonima,25.0,22090712889.8223,1149186.28726613,Importe_hipotecas,24282.0,32952.0,27278.0,18857.0,25667.0,30335.0,23332.0,22427.0,25035.0,27153.0,23292.0,31095.0
26.0,26.0,"Rioja, La",666.0,2017,Sociedad_Anonima,26.0,9220827614.74902,780721.292206845,Importe_hipotecas,26779.0,25946.0,24089.0,16988.0,24018.0,17756.0,43643.0,17830.0,25281.0,23571.0,21186.0,19994.0
27.0,27.0,Lugo,222.0,2017,Sociedad_Anonima,27.0,18447358220.0669,987981.96377954,Importe_hipotecas,14242.0,16661.0,13422.0,11035.0,8366.0,22842.0,21086.0,13109.0,12189.0,19971.0,10112.0,3948.0
28.0,28.0,Madrid,24823.0,2017,Sociedad_Anonima,28.0,13901299004.0898,997240.028194125,Importe_hipotecas,1404383.0,1440522.0,1162658.0,1190212.0,1860802.0,1407849.0,1173087.0,1284008.0,1603660.0,1663146.0,1354097.0,1015187.0
29.0,29.0,Málaga,1658.0,2017,Sociedad_Anonima,29.0,11424758604.5872,780458.06915762,Importe_hipotecas,210996.0,241729.0,230631.0,248432.0,285160.0,254792.0,248499.0,264405.0,285363.0,263025.0,390306.0,189769.0
30.0,30.0,Murcia,1426.0,2017,Sociedad_Anonima,30.0,18250070913.3211,924896.652056495,Importe_hipotecas,94274.0,98986.0,85071.0,64427.0,79655.0,110994.0,84274.0,71693.0,109396.0,72546.0,81852.0,65589.0
31.0,31.0,Navarra,1214.0,2017,Sociedad_Anonima,31.0,19290430805.6213,1124671.5864665,Importe_hipotecas,74009.0,82681.0,83532.0,35615.0,96979.0,56866.0,47629.0,67225.0,63798.0,45262.0,50080.0,52231.0
32.0,32.0,Ourense,355.0,2017,Sociedad_Anonima,32.0,13264171450.1428,808496.1696782409,Importe_hipotecas,9313.0,7523.0,6959.0,8100.0,14093.0,12279.0,9899.0,12802.0,10765.0,9379.0,9852.0,8874.0
33.0,33.0,Asturias,1468.0,2017,Sociedad_Anonima,33.0,20019595252.5254,1234891.11505138,Importe_hipotecas,73539.0,205713.0,102667.0,51824.0,63298.0,72540.0,55486.0,60890.0,85276.0,68001.0,72485.0,66822.0
34.0,34.0,Palencia,191.0,2017,Sociedad_Anonima,34.0,14760770924.6606,970566.905500649,Importe_hipotecas,7365.0,8454.0,9975.0,5948.0,7976.0,8563.0,10997.0,10196.0,7814.0,11027.0,6234.0,4781.0
35.0,35.0,"Palmas, Las",1335.0,2017,Sociedad_Anonima,35.0,5250341373.94092,1059425.57153025,Importe_hipotecas,90488.0,69271.0,87289.0,63278.0,206194.0,139397.0,83393.0,147792.0,86769.0,117151.0,86323.0,91569.0
36.0,36.0,Pontevedra,1146.0,2017,Sociedad_Anonima,36.0,8246811088.907709,1089081.49719412,Importe_hipotecas,51024.0,53626.0,48176.0,34729.0,55349.0,48825.0,44008.0,60624.0,49106.0,53120.0,45105.0,37519.0
37.0,37.0,Salamanca,290.0,2017,Sociedad_Anonima,37.0,21576649161.0889,949093.601585701,Importe_hipotecas,20958.0,26365.0,23633.0,17934.0,23035.0,20807.0,24314.0,18214.0,16759.0,29932.0,20287.0,20596.0
38.0,38.0,Santa Cruz de Tenerife,1065.0,2017,Sociedad_Anonima,38.0,4370210415.83691,964270.952057753,Importe_hipotecas,76208.0,60407.0,57233.0,57239.0,90832.0,68815.0,82525.0,72266.0,73920.0,110595.0,62704.0,118326.0
39.0,39.0,Cantabria,721.0,2017,Sociedad_Anonima,39.0,10025234336.8828,1030723.27314431,Importe_hipotecas,50156.0,53361.0,49519.0,46218.0,39922.0,34714.0,33180.0,40962.0,46655.0,45116.0,44042.0,26624.0
40.0,40.0,Segovia,218.0,2017,Sociedad_Anonima,40.0,12228511132.8375,682490.780198299,Importe_hipotecas,7543.0,9021.0,12278.0,8290.0,6852.0,7497.0,9705.0,13736.0,10718.0,6907.0,8580.0,7815.0
41.0,41.0,Sevilla,1759.0,2017,Sociedad_Anonima,41.0,22302112098.7773,1151383.07981696,Importe_hipotecas,148680.0,134714.0,211818.0,177464.0,162499.0,166894.0,129145.0,153712.0,204002.0,114013.0,146167.0,117105.0
42.0,42.0,Soria,159.0,2017,Sociedad_Anonima,42.0,18457978154.5591,887721.466661127,Importe_hipotecas,10159.0,3752.0,3163.0,9729.0,3967.0,11232.0,2424.0,6609.0,11552.0,5172.0,6870.0,4031.0
43.0,43.0,Tarragona,1089.0,2017,Sociedad_Anonima,43.0,11107383509.1959,934594.116306717,Importe_hipotecas,58522.0,40326.0,67813.0,45146.0,63321.0,61504.0,57161.0,66109.0,87414.0,114235.0,58113.0,56062.0
44.0,44.0,Teruel,174.0,2017,Sociedad_Anonima,44.0,25764193799.5302,1167749.0880056003,Importe_hipotecas,8296.0,11461.0,6232.0,5216.0,5570.0,7887.0,8844.0,6938.0,17677.0,12253.0,6366.0,6658.0
45.0,45.0,Toledo,695.0,2017,Sociedad_Anonima,45.0,26065010226.1974,1233071.99926331,Importe_hipotecas,46943.0,43647.0,49229.0,34637.0,51416.0,47532.0,110633.0,59621.0,36637.0,36183.0,48132.0,39339.0
46.0,46.0,Valencia/Valéncia,2817.0,2017,Sociedad_Anonima,46.0,18110130397.9234,1006499.31881275,Importe_hipotecas,179159.0,211997.0,203470.0,149539.0,175003.0,248991.0,139631.0,177383.0,205822.0,190476.0,155479.0,138733.0
47.0,47.0,Valladolid,782.0,2017,Sociedad_Anonima,47.0,14531327306.3015,993224.077367262,Importe_hipotecas,34443.0,55862.0,40151.0,28768.0,41145.0,52361.0,31826.0,35881.0,46367.0,34747.0,37365.0,30864.0
48.0,48.0,Bizkaia,2491.0,2017,Sociedad_Anonima,48.0,4161383760.41016,618804.57009096,Importe_hipotecas,151314.0,210203.0,187874.0,116808.0,142323.0,156117.0,127760.0,135897.0,182282.0,120926.0,135113.0,100508.0
49.0,49.0,Zamora,156.0,2017,Sociedad_Anonima,49.0,18976873417.3408,1017874.53482692,Importe_hipotecas,9160.0,7906.0,15299.0,4983.0,7969.0,14462.0,5603.0,7727.0,6016.0,9049.0,19719.0,6537.0
50.0,50.0,Zaragoza,1833.0,2017,Sociedad_Anonima,50.0,30937790469.125,1582276.45562791,Importe_hipotecas,74540.0,76620.0,113983.0,98233.0,150871.0,61035.0,101187.0,61150.0,100409.0,58748.0,95053.0,72568.0
1.0,1.0,Araba/Álava,904.0,2016,Sociedad_Anonima,1.0,5558819816.938479,899065.384760544,Importe_hipotecas,42049.0,58207.0,37599.0,28861.0,53815.0,28969.0,29093.0,10882.0,35943.0,24863.0,31523.0,22448.0
2.0,2.0,Albacete,517.0,2016,Sociedad_Anonima,2.0,24628869196.6688,982714.9831766171,Importe_hipotecas,24405.0,33548.0,32004.0,53877.0,36052.0,29174.0,14807.0,21081.0,28983.0,17582.0,15614.0,20038.0
3.0,3.0,Alicante,1701.0,2016,Sociedad_Anonima,3.0,9507175453.60967,698396.737290055,Importe_hipotecas,133189.0,161711.0,125561.0,131667.0,176577.0,119273.0,111577.0,101007.0,149818.0,129622.0,133759.0,120271.0
4.0,4.0,Almería,643.0,2016,Sociedad_Anonima,4.0,13855293063.9255,764383.039721032,Importe_hipotecas,47257.0,49952.0,55821.0,53065.0,61880.0,57270.0,49836.0,59935.0,74116.0,69916.0,91028.0,55519.0
5.0,5.0,Ávila,139.0,2016,Sociedad_Anonima,5.0,13966290552.5479,825947.5261177691,Importe_hipotecas,4556.0,16093.0,5610.0,7279.0,8000.0,6869.0,7504.0,5365.0,6729.0,6223.0,8251.0,5265.0
6.0,6.0,Badajoz,673.0,2016,Sociedad_Anonima,6.0,35803975339.5203,1452266.34287763,Importe_hipotecas,45261.0,44288.0,40596.0,39142.0,38841.0,44443.0,35441.0,46934.0,30842.0,29527.0,31349.0,31263.0
7.0,7.0,"Balears, Illes",2434.0,2016,Sociedad_Anonima,7.0,8397658655.339479,1885856.05039272,Importe_hipotecas,247539.0,212765.0,149036.0,187545.0,217904.0,263290.0,245244.0,212718.0,194959.0,163761.0,198949.0,165636.0
8.0,8.0,Barcelona,15370.0,2016,Sociedad_Anonima,8.0,13892170189.5469,1078129.1918187,Importe_hipotecas,559079.0,665280.0,582308.0,609564.0,612162.0,691992.0,629204.0,499143.0,1073864.0,507055.0,519746.0,523599.0
9.0,9.0,Burgos,696.0,2016,Sociedad_Anonima,9.0,26203492774.134,1530155.70044239,Importe_hipotecas,38356.0,24163.0,30635.0,44879.0,27449.0,24468.0,30836.0,29038.0,30923.0,34677.0,44078.0,16696.0
10.0,10.0,Cáceres,348.0,2016,Sociedad_Anonima,10.0,33620075321.1089,1242300.63638205,Importe_hipotecas,22903.0,20288.0,19620.0,17308.0,27422.0,16252.0,10850.0,14486.0,45780.0,16678.0,32206.0,15467.0
11.0,11.0,Cádiz,840.0,2016,Sociedad_Anonima,11.0,11546868058.7637,895286.367485857,Importe_hipotecas,73126.0,97865.0,81438.0,84115.0,95067.0,112183.0,90555.0,105183.0,83413.0,62958.0,93232.0,59191.0
12.0,12.0,Castellón/Castelló,778.0,2016,Sociedad_Anonima,12.0,11396498994.3888,689218.0799780571,Importe_hipotecas,35056.0,60728.0,32164.0,56218.0,30931.0,43615.0,24891.0,27217.0,34600.0,23624.0,32230.0,28458.0
13.0,13.0,Ciudad Real,456.0,2016,Sociedad_Anonima,13.0,32784774691.1465,1226477.61440341,Importe_hipotecas,18468.0,13348.0,19613.0,25624.0,27892.0,24033.0,21626.0,18155.0,16443.0,14423.0,18876.0,15271.0
14.0,14.0,Córdoba,682.0,2016,Sociedad_Anonima,14.0,22210490613.4485,1035879.20411489,Importe_hipotecas,39599.0,93902.0,42130.0,63550.0,69595.0,56813.0,77359.0,58171.0,74127.0,50844.0,49095.0,47259.0
15.0,15.0,"Coruña, A",1297.0,2016,Sociedad_Anonima,15.0,14932452746.9961,1672703.78439944,Importe_hipotecas,74748.0,62255.0,47979.0,69076.0,54809.0,68234.0,62582.0,56378.0,58690.0,44404.0,55203.0,53464.0
16.0,16.0,Cuenca,226.0,2016,Sociedad_Anonima,16.0,29155970159.0682,1004195.48622818,Importe_hipotecas,9250.0,7660.0,9862.0,18241.0,8328.0,11229.0,8608.0,5722.0,14214.0,13306.0,8747.0,11055.0
17.0,17.0,Girona,1722.0,2016,Sociedad_Anonima,17.0,10752045126.223,1070140.38049906,Importe_hipotecas,75972.0,90444.0,65183.0,95640.0,123317.0,157701.0,68362.0,69521.0,83009.0,57205.0,54746.0,73666.0
18.0,18.0,Granada,725.0,2016,Sociedad_Anonima,18.0,20029967206.933,901313.088636386,Importe_hipotecas,74663.0,70521.0,56875.0,57828.0,62548.0,68412.0,48808.0,69801.0,88720.0,51108.0,63934.0,57005.0
19.0,19.0,Guadalajara,281.0,2016,Sociedad_Anonima,19.0,21341530340.3421,1082690.53386729,Importe_hipotecas,64087.0,21577.0,14566.0,48594.0,15604.0,39511.0,17324.0,16107.0,27520.0,14098.0,35054.0,13650.0
20.0,20.0,Gipuzkoa,1543.0,2016,Sociedad_Anonima,20.0,3756971201.4628897,476274.62841412204,Importe_hipotecas,101337.0,139070.0,76977.0,89340.0,103768.0,94713.0,65880.0,93997.0,97832.0,81533.0,92059.0,81379.0
21.0,21.0,Huelva,355.0,2016,Sociedad_Anonima,21.0,16153285348.281,835365.683870377,Importe_hipotecas,64421.0,29548.0,37712.0,32954.0,49017.0,37419.0,23499.0,20676.0,37573.0,23493.0,49462.0,36746.0
22.0,22.0,Huesca,376.0,2016,Sociedad_Anonima,22.0,28522889036.2312,1093487.92655755,Importe_hipotecas,16369.0,22735.0,16158.0,15816.0,18374.0,23111.0,19809.0,18466.0,14719.0,17874.0,18245.0,19099.0
23.0,23.0,Jaén,329.0,2016,Sociedad_Anonima,23.0,21780119684.2118,848387.076715209,Importe_hipotecas,20861.0,28943.0,28691.0,24932.0,28516.0,31030.0,38130.0,41963.0,38373.0,31651.0,33426.0,27337.0
24.0,24.0,León,664.0,2016,Sociedad_Anonima,24.0,28794563640.7422,1141075.69540809,Importe_hipotecas,27477.0,37468.0,19395.0,26314.0,29617.0,24179.0,15825.0,21894.0,22158.0,16686.0,24404.0,17962.0
25.0,25.0,Lleida,725.0,2016,Sociedad_Anonima,25.0,22090712889.8223,1149186.28726613,Importe_hipotecas,26283.0,31163.0,34513.0,29260.0,35173.0,25374.0,20601.0,22480.0,34567.0,21183.0,23150.0,22026.0
26.0,26.0,"Rioja, La",695.0,2016,Sociedad_Anonima,26.0,9220827614.74902,780721.292206845,Importe_hipotecas,19915.0,17572.0,16498.0,20764.0,53019.0,26966.0,10356.0,25132.0,26335.0,14410.0,23564.0,17671.0
27.0,27.0,Lugo,233.0,2016,Sociedad_Anonima,27.0,18447358220.0669,987981.96377954,Importe_hipotecas,10828.0,16993.0,10524.0,17438.0,16913.0,13228.0,13717.0,16228.0,9718.0,11044.0,10641.0,9908.0
28.0,28.0,Madrid,25839.0,2016,Sociedad_Anonima,28.0,13901299004.0898,997240.028194125,Importe_hipotecas,1129448.0,1283983.0,946045.0,1250540.0,1067573.0,970200.0,1037442.0,1121773.0,1243559.0,1055706.0,1133053.0,968107.0
29.0,29.0,Málaga,1739.0,2016,Sociedad_Anonima,29.0,11424758604.5872,780458.06915762,Importe_hipotecas,201185.0,199017.0,216241.0,244742.0,231760.0,286574.0,177004.0,161524.0,224656.0,197622.0,283241.0,205620.0
30.0,30.0,Murcia,1456.0,2016,Sociedad_Anonima,30.0,18250070913.3211,924896.652056495,Importe_hipotecas,87855.0,125940.0,65422.0,80878.0,141202.0,72348.0,77837.0,73551.0,78689.0,75042.0,93243.0,73348.0
31.0,31.0,Navarra,1260.0,2016,Sociedad_Anonima,31.0,19290430805.6213,1124671.5864665,Importe_hipotecas,54452.0,48129.0,73136.0,87593.0,83432.0,66046.0,77353.0,72775.0,52940.0,101029.0,59113.0,48028.0
32.0,32.0,Ourense,369.0,2016,Sociedad_Anonima,32.0,13264171450.1428,808496.1696782409,Importe_hipotecas,8551.0,8079.0,11105.0,8194.0,12269.0,9917.0,7830.0,11427.0,10727.0,14001.0,7151.0,9143.0
33.0,33.0,Asturias,1518.0,2016,Sociedad_Anonima,33.0,20019595252.5254,1234891.11505138,Importe_hipotecas,72625.0,80733.0,65075.0,97089.0,80886.0,56931.0,28007.0,49065.0,67176.0,65390.0,98211.0,57693.0
34.0,34.0,Palencia,201.0,2016,Sociedad_Anonima,34.0,14760770924.6606,970566.905500649,Importe_hipotecas,7501.0,6312.0,4776.0,13637.0,19151.0,7709.0,5480.0,9705.0,7678.0,4262.0,7721.0,5580.0
35.0,35.0,"Palmas, Las",1352.0,2016,Sociedad_Anonima,35.0,5250341373.94092,1059425.57153025,Importe_hipotecas,96434.0,85316.0,203010.0,87534.0,77374.0,82332.0,50449.0,83371.0,60101.0,81730.0,85430.0,121239.0
36.0,36.0,Pontevedra,1190.0,2016,Sociedad_Anonima,36.0,8246811088.907709,1089081.49719412,Importe_hipotecas,43203.0,50690.0,37456.0,56010.0,55106.0,47338.0,28451.0,36706.0,48257.0,45408.0,54956.0,67779.0
37.0,37.0,Salamanca,302.0,2016,Sociedad_Anonima,37.0,21576649161.0889,949093.601585701,Importe_hipotecas,37222.0,20885.0,25666.0,19109.0,31826.0,22735.0,11570.0,15081.0,22706.0,32680.0,19001.0,19180.0
38.0,38.0,Santa Cruz de Tenerife,1095.0,2016,Sociedad_Anonima,38.0,4370210415.83691,964270.952057753,Importe_hipotecas,70322.0,81819.0,81098.0,96454.0,70551.0,75158.0,57407.0,53501.0,96684.0,46498.0,84055.0,71043.0
39.0,39.0,Cantabria,755.0,2016,Sociedad_Anonima,39.0,10025234336.8828,1030723.27314431,Importe_hipotecas,32221.0,55987.0,40322.0,36196.0,47759.0,37365.0,39403.0,47645.0,50540.0,32980.0,34844.0,38702.0
40.0,40.0,Segovia,229.0,2016,Sociedad_Anonima,40.0,12228511132.8375,682490.780198299,Importe_hipotecas,11597.0,10226.0,10648.0,10801.0,12225.0,8330.0,13272.0,7205.0,10844.0,5150.0,11746.0,6399.0
41.0,41.0,Sevilla,1907.0,2016,Sociedad_Anonima,41.0,22302112098.7773,1151383.07981696,Importe_hipotecas,124069.0,143467.0,150245.0,103058.0,163577.0,148303.0,87343.0,138585.0,131975.0,165660.0,135996.0,124992.0
42.0,42.0,Soria,165.0,2016,Sociedad_Anonima,42.0,18457978154.5591,887721.466661127,Importe_hipotecas,1900.0,7315.0,5237.0,4816.0,14301.0,2555.0,3410.0,4855.0,9465.0,2321.0,5442.0,3914.0
43.0,43.0,Tarragona,1127.0,2016,Sociedad_Anonima,43.0,11107383509.1959,934594.116306717,Importe_hipotecas,77393.0,61900.0,83835.0,45389.0,95917.0,49721.0,79960.0,49983.0,75162.0,43316.0,51702.0,52281.0
44.0,44.0,Teruel,183.0,2016,Sociedad_Anonima,44.0,25764193799.5302,1167749.0880056003,Importe_hipotecas,6156.0,6918.0,6284.0,6317.0,6989.0,11800.0,2637.0,9266.0,2654.0,8053.0,16903.0,3604.0
45.0,45.0,Toledo,728.0,2016,Sociedad_Anonima,45.0,26065010226.1974,1233071.99926331,Importe_hipotecas,48739.0,35822.0,29197.0,35299.0,40870.0,60678.0,52173.0,52882.0,43220.0,37077.0,52795.0,41444.0
46.0,46.0,Valencia/Valéncia,2945.0,2016,Sociedad_Anonima,46.0,18110130397.9234,1006499.31881275,Importe_hipotecas,162202.0,165446.0,120562.0,127778.0,149947.0,178722.0,227750.0,165295.0,189728.0,135357.0,164220.0,110940.0
47.0,47.0,Valladolid,806.0,2016,Sociedad_Anonima,47.0,14531327306.3015,993224.077367262,Importe_hipotecas,38075.0,96415.0,37659.0,60006.0,45389.0,50221.0,40668.0,30521.0,41289.0,39814.0,27861.0,22754.0
48.0,48.0,Bizkaia,2679.0,2016,Sociedad_Anonima,48.0,4161383760.41016,618804.57009096,Importe_hipotecas,116125.0,193388.0,159208.0,272547.0,139601.0,160644.0,184334.0,152266.0,158147.0,102766.0,131084.0,115787.0
49.0,49.0,Zamora,167.0,2016,Sociedad_Anonima,49.0,18976873417.3408,1017874.53482692,Importe_hipotecas,7777.0,5726.0,5382.0,9098.0,7799.0,10250.0,7625.0,5098.0,7246.0,8609.0,4651.0,6182.0
50.0,50.0,Zaragoza,1878.0,2016,Sociedad_Anonima,50.0,30937790469.125,1582276.45562791,Importe_hipotecas,68103.0,88551.0,100650.0,75713.0,104998.0,106934.0,94994.0,93161.0,88430.0,89885.0,108674.0,69614.0
1.0,1.0,Araba/Álava,907.0,2015,Sociedad_Anonima,1.0,5558819816.938479,899065.384760544,Importe_hipotecas,30712.0,33470.0,29337.0,24546.0,31104.0,25872.0,34596.0,17944.0,32349.0,54056.0,21433.0,24121.0
2.0,2.0,Albacete,551.0,2015,Sociedad_Anonima,2.0,24628869196.6688,982714.9831766171,Importe_hipotecas,18424.0,29091.0,18438.0,14174.0,18325.0,23470.0,43273.0,26173.0,18134.0,14639.0,15208.0,20841.0
3.0,3.0,Alicante,1764.0,2015,Sociedad_Anonima,3.0,9507175453.60967,698396.737290055,Importe_hipotecas,112058.0,100515.0,117771.0,222485.0,108492.0,104436.0,133755.0,123139.0,178837.0,119244.0,121130.0,88317.0
4.0,4.0,Almería,654.0,2015,Sociedad_Anonima,4.0,13855293063.9255,764383.039721032,Importe_hipotecas,52909.0,51218.0,56570.0,61175.0,57489.0,57474.0,49800.0,77866.0,69311.0,70801.0,79374.0,40703.0
5.0,5.0,Ávila,143.0,2015,Sociedad_Anonima,5.0,13966290552.5479,825947.5261177691,Importe_hipotecas,6797.0,5276.0,10267.0,6133.0,9896.0,6435.0,6598.0,6169.0,7340.0,7992.0,4554.0,5683.0
6.0,6.0,Badajoz,707.0,2015,Sociedad_Anonima,6.0,35803975339.5203,1452266.34287763,Importe_hipotecas,32609.0,31715.0,33845.0,191296.0,41647.0,41447.0,46373.0,58420.0,44292.0,34615.0,36657.0,26632.0
7.0,7.0,"Balears, Illes",2523.0,2015,Sociedad_Anonima,7.0,8397658655.339479,1885856.05039272,Importe_hipotecas,179063.0,134386.0,241064.0,159383.0,132903.0,152738.0,254434.0,233618.0,223011.0,189283.0,138401.0,143094.0
8.0,8.0,Barcelona,16061.0,2015,Sociedad_Anonima,8.0,13892170189.5469,1078129.1918187,Importe_hipotecas,594189.0,487614.0,500886.0,434654.0,688239.0,355576.0,662355.0,499973.0,599024.0,467826.0,587507.0,440771.0
9.0,9.0,Burgos,705.0,2015,Sociedad_Anonima,9.0,26203492774.134,1530155.70044239,Importe_hipotecas,35378.0,20309.0,29152.0,16799.0,28030.0,24559.0,39398.0,26537.0,25254.0,41466.0,14395.0,13860.0
10.0,10.0,Cáceres,371.0,2015,Sociedad_Anonima,10.0,33620075321.1089,1242300.63638205,Importe_hipotecas,19040.0,14579.0,18716.0,16894.0,17878.0,15770.0,21105.0,18226.0,16860.0,15558.0,18756.0,11064.0
11.0,11.0,Cádiz,880.0,2015,Sociedad_Anonima,11.0,11546868058.7637,895286.367485857,Importe_hipotecas,60841.0,82958.0,63723.0,51509.0,72102.0,71486.0,72920.0,85810.0,98041.0,54685.0,68651.0,63399.0
12.0,12.0,Castellón/Castelló,808.0,2015,Sociedad_Anonima,12.0,11396498994.3888,689218.0799780571,Importe_hipotecas,29571.0,32267.0,27794.0,27788.0,24120.0,45502.0,112192.0,36757.0,39224.0,35382.0,24019.0,26393.0
13.0,13.0,Ciudad Real,483.0,2015,Sociedad_Anonima,13.0,32784774691.1465,1226477.61440341,Importe_hipotecas,22859.0,26337.0,16893.0,13187.0,25929.0,15672.0,23384.0,14950.0,24086.0,14445.0,21476.0,17523.0
14.0,14.0,Córdoba,721.0,2015,Sociedad_Anonima,14.0,22210490613.4485,1035879.20411489,Importe_hipotecas,34464.0,37327.0,34424.0,43098.0,29767.0,58600.0,46918.0,46225.0,53972.0,43017.0,51890.0,42057.0
15.0,15.0,"Coruña, A",1356.0,2015,Sociedad_Anonima,15.0,14932452746.9961,1672703.78439944,Importe_hipotecas,68992.0,63391.0,188210.0,60083.0,47068.0,46555.0,63155.0,71674.0,50993.0,49362.0,59296.0,60998.0
16.0,16.0,Cuenca,235.0,2015,Sociedad_Anonima,16.0,29155970159.0682,1004195.48622818,Importe_hipotecas,7413.0,7204.0,7172.0,9980.0,6743.0,7601.0,12177.0,7137.0,8790.0,11124.0,6953.0,8621.0
17.0,17.0,Girona,1785.0,2015,Sociedad_Anonima,17.0,10752045126.223,1070140.38049906,Importe_hipotecas,55741.0,58418.0,63021.0,78318.0,55563.0,53436.0,76624.0,96808.0,77222.0,54718.0,58845.0,58560.0
18.0,18.0,Granada,759.0,2015,Sociedad_Anonima,18.0,20029967206.933,901313.088636386,Importe_hipotecas,54090.0,51623.0,48425.0,43809.0,56293.0,61225.0,57921.0,71606.0,88173.0,38750.0,51010.0,48393.0
19.0,19.0,Guadalajara,301.0,2015,Sociedad_Anonima,19.0,21341530340.3421,1082690.53386729,Importe_hipotecas,13199.0,20300.0,19674.0,19280.0,18125.0,15401.0,24195.0,14992.0,19256.0,13842.0,38001.0,39834.0
20.0,20.0,Gipuzkoa,1551.0,2015,Sociedad_Anonima,20.0,3756971201.4628897,476274.62841412204,Importe_hipotecas,66426.0,173660.0,75477.0,76236.0,113906.0,62037.0,76835.0,100104.0,128783.0,81509.0,86197.0,100814.0
21.0,21.0,Huelva,373.0,2015,Sociedad_Anonima,21.0,16153285348.281,835365.683870377,Importe_hipotecas,28634.0,24400.0,25524.0,65728.0,22600.0,73722.0,21689.0,25821.0,50918.0,36096.0,55923.0,33667.0
22.0,22.0,Huesca,387.0,2015,Sociedad_Anonima,22.0,28522889036.2312,1093487.92655755,Importe_hipotecas,26402.0,19284.0,18915.0,11107.0,22233.0,25093.0,25278.0,18142.0,35192.0,17619.0,13200.0,18348.0
23.0,23.0,Jaén,348.0,2015,Sociedad_Anonima,23.0,21780119684.2118,848387.076715209,Importe_hipotecas,31820.0,26930.0,36798.0,27484.0,31539.0,21228.0,30758.0,27880.0,36728.0,23147.0,28952.0,31425.0
24.0,24.0,León,713.0,2015,Sociedad_Anonima,24.0,28794563640.7422,1141075.69540809,Importe_hipotecas,19667.0,15896.0,15386.0,16046.0,16057.0,19399.0,29916.0,40747.0,20823.0,67466.0,20001.0,18212.0
25.0,25.0,Lleida,752.0,2015,Sociedad_Anonima,25.0,22090712889.8223,1149186.28726613,Importe_hipotecas,23865.0,23655.0,29686.0,29597.0,21520.0,22079.0,24307.0,18764.0,31797.0,27408.0,27703.0,16040.0
26.0,26.0,"Rioja, La",720.0,2015,Sociedad_Anonima,26.0,9220827614.74902,780721.292206845,Importe_hipotecas,21376.0,18019.0,15096.0,16985.0,20917.0,14740.0,25950.0,26852.0,11669.0,19483.0,24756.0,13944.0
27.0,27.0,Lugo,240.0,2015,Sociedad_Anonima,27.0,18447358220.0669,987981.96377954,Importe_hipotecas,10325.0,8838.0,13351.0,9131.0,25027.0,14473.0,18412.0,24543.0,16309.0,34140.0,10609.0,11848.0
28.0,28.0,Madrid,27272.0,2015,Sociedad_Anonima,28.0,13901299004.0898,997240.028194125,Importe_hipotecas,816188.0,975981.0,810437.0,833503.0,868972.0,1085897.0,1094658.0,1315821.0,1398434.0,1058864.0,704091.0,883080.0
29.0,29.0,Málaga,1796.0,2015,Sociedad_Anonima,29.0,11424758604.5872,780458.06915762,Importe_hipotecas,210286.0,199387.0,163042.0,154729.0,171945.0,148773.0,176488.0,199486.0,236602.0,185930.0,162936.0,198572.0
30.0,30.0,Murcia,1521.0,2015,Sociedad_Anonima,30.0,18250070913.3211,924896.652056495,Importe_hipotecas,99636.0,85480.0,84730.0,79840.0,80206.0,88941.0,125024.0,73220.0,111946.0,144324.0,65336.0,66480.0
31.0,31.0,Navarra,1300.0,2015,Sociedad_Anonima,31.0,19290430805.6213,1124671.5864665,Importe_hipotecas,71193.0,63152.0,59416.0,51521.0,59136.0,67702.0,57989.0,46089.0,67955.0,82596.0,46851.0,53157.0
32.0,32.0,Ourense,376.0,2015,Sociedad_Anonima,32.0,13264171450.1428,808496.1696782409,Importe_hipotecas,17563.0,10687.0,12844.0,6991.0,10060.0,22030.0,15815.0,21027.0,9384.0,6957.0,11827.0,12405.0
33.0,33.0,Asturias,1604.0,2015,Sociedad_Anonima,33.0,20019595252.5254,1234891.11505138,Importe_hipotecas,60384.0,58091.0,51669.0,86580.0,47531.0,61409.0,90939.0,75525.0,55889.0,39848.0,49236.0,51293.0
34.0,34.0,Palencia,211.0,2015,Sociedad_Anonima,34.0,14760770924.6606,970566.905500649,Importe_hipotecas,7078.0,6485.0,9802.0,6122.0,10195.0,15626.0,7169.0,12607.0,6476.0,9562.0,5526.0,7636.0
35.0,35.0,"Palmas, Las",1409.0,2015,Sociedad_Anonima,35.0,5250341373.94092,1059425.57153025,Importe_hipotecas,95368.0,78375.0,66429.0,78188.0,77055.0,98048.0,186162.0,101940.0,167775.0,118777.0,175199.0,86435.0
36.0,36.0,Pontevedra,1250.0,2015,Sociedad_Anonima,36.0,8246811088.907709,1089081.49719412,Importe_hipotecas,38497.0,40294.0,46434.0,41681.0,42872.0,50185.0,131840.0,87905.0,42315.0,47553.0,50400.0,43889.0
37.0,37.0,Salamanca,327.0,2015,Sociedad_Anonima,37.0,21576649161.0889,949093.601585701,Importe_hipotecas,14371.0,20860.0,18443.0,18450.0,17902.0,38337.0,42289.0,17720.0,19630.0,25446.0,20463.0,15234.0
38.0,38.0,Santa Cruz de Tenerife,1137.0,2015,Sociedad_Anonima,38.0,4370210415.83691,964270.952057753,Importe_hipotecas,110417.0,44649.0,47828.0,67598.0,95095.0,83212.0,62315.0,82932.0,71722.0,50620.0,74499.0,53575.0
39.0,39.0,Cantabria,788.0,2015,Sociedad_Anonima,39.0,10025234336.8828,1030723.27314431,Importe_hipotecas,36042.0,30729.0,47742.0,32835.0,89508.0,43695.0,42528.0,44085.0,44175.0,31909.0,37015.0,37839.0
40.0,40.0,Segovia,246.0,2015,Sociedad_Anonima,40.0,12228511132.8375,682490.780198299,Importe_hipotecas,10162.0,9123.0,12872.0,8410.0,7728.0,11825.0,8554.0,14546.0,14411.0,7356.0,10195.0,10215.0
41.0,41.0,Sevilla,1998.0,2015,Sociedad_Anonima,41.0,22302112098.7773,1151383.07981696,Importe_hipotecas,126541.0,125898.0,118221.0,110521.0,119890.0,141105.0,161480.0,111706.0,161582.0,99161.0,110873.0,115284.0
42.0,42.0,Soria,177.0,2015,Sociedad_Anonima,42.0,18457978154.5591,887721.466661127,Importe_hipotecas,3305.0,6562.0,4320.0,2935.0,4860.0,7520.0,4707.0,9680.0,5210.0,3626.0,5916.0,6307.0
43.0,43.0,Tarragona,1186.0,2015,Sociedad_Anonima,43.0,11107383509.1959,934594.116306717,Importe_hipotecas,63751.0,44927.0,43917.0,48055.0,51687.0,43482.0,59610.0,71637.0,74077.0,48503.0,59817.0,57113.0
44.0,44.0,Teruel,185.0,2015,Sociedad_Anonima,44.0,25764193799.5302,1167749.0880056003,Importe_hipotecas,11578.0,15823.0,5661.0,3164.0,5206.0,5271.0,7331.0,8482.0,5316.0,12242.0,12024.0,4036.0
45.0,45.0,Toledo,774.0,2015,Sociedad_Anonima,45.0,26065010226.1974,1233071.99926331,Importe_hipotecas,37610.0,26107.0,33820.0,32636.0,39972.0,29998.0,61637.0,37664.0,44254.0,49941.0,31500.0,27745.0
46.0,46.0,Valencia/Valéncia,3133.0,2015,Sociedad_Anonima,46.0,18110130397.9234,1006499.31881275,Importe_hipotecas,122643.0,135809.0,129043.0,99779.0,107761.0,138945.0,154219.0,118896.0,157414.0,128533.0,147403.0,115939.0
47.0,47.0,Valladolid,846.0,2015,Sociedad_Anonima,47.0,14531327306.3015,993224.077367262,Importe_hipotecas,34164.0,32751.0,25406.0,22034.0,19696.0,37499.0,41947.0,41471.0,30564.0,35651.0,27623.0,39613.0
48.0,48.0,Bizkaia,2726.0,2015,Sociedad_Anonima,48.0,4161383760.41016,618804.57009096,Importe_hipotecas,106518.0,139268.0,114433.0,93038.0,92039.0,153491.0,147708.0,140028.0,144052.0,176438.0,167083.0,131708.0
49.0,49.0,Zamora,173.0,2015,Sociedad_Anonima,49.0,18976873417.3408,1017874.53482692,Importe_hipotecas,13155.0,9411.0,13198.0,5378.0,17571.0,6754.0,15664.0,10077.0,6096.0,8103.0,7896.0,6097.0
50.0,50.0,Zaragoza,1968.0,2015,Sociedad_Anonima,50.0,30937790469.125,1582276.45562791,Importe_hipotecas,75026.0,69323.0,105384.0,70087.0,74711.0,302821.0,86338.0,71154.0,62089.0,53867.0,44396.0,115064.0
1.0,1.0,Araba/Álava,960.0,2014,Sociedad_Anonima,1.0,5558819816.938479,899065.384760544,Importe_hipotecas,18828.0,51157.0,30903.0,15557.0,24386.0,29638.0,25091.0,9875.0,25213.0,19657.0,33481.0,21982.0
2.0,2.0,Albacete,579.0,2014,Sociedad_Anonima,2.0,24628869196.6688,982714.9831766171,Importe_hipotecas,16880.0,20227.0,14866.0,23283.0,10975.0,11792.0,20203.0,11721.0,15371.0,19429.0,21260.0,55644.0
3.0,3.0,Alicante,1820.0,2014,Sociedad_Anonima,3.0,9507175453.60967,698396.737290055,Importe_hipotecas,76858.0,80597.0,85698.0,86293.0,147344.0,112092.0,101720.0,80958.0,96578.0,132394.0,73571.0,84722.0
4.0,4.0,Almería,711.0,2014,Sociedad_Anonima,4.0,13855293063.9255,764383.039721032,Importe_hipotecas,63508.0,34851.0,42247.0,40604.0,41396.0,48265.0,66998.0,61502.0,62318.0,70954.0,78202.0,49007.0
5.0,5.0,Ávila,154.0,2014,Sociedad_Anonima,5.0,13966290552.5479,825947.5261177691,Importe_hipotecas,7332.0,6589.0,4014.0,5377.0,6482.0,4929.0,5987.0,2435.0,3935.0,7294.0,2834.0,4508.0
6.0,6.0,Badajoz,731.0,2014,Sociedad_Anonima,6.0,35803975339.5203,1452266.34287763,Importe_hipotecas,36007.0,78880.0,31760.0,17706.0,34366.0,31561.0,83037.0,24699.0,83459.0,34193.0,46000.0,24318.0
7.0,7.0,"Balears, Illes",2596.0,2014,Sociedad_Anonima,7.0,8397658655.339479,1885856.05039272,Importe_hipotecas,122658.0,118093.0,117700.0,106122.0,113431.0,124737.0,93266.0,144010.0,206522.0,127839.0,91596.0,123371.0
8.0,8.0,Barcelona,16851.0,2014,Sociedad_Anonima,8.0,13892170189.5469,1078129.1918187,Importe_hipotecas,376549.0,288228.0,306841.0,358583.0,526346.0,322540.0,408484.0,771234.0,410780.0,425298.0,298992.0,383497.0
9.0,9.0,Burgos,715.0,2014,Sociedad_Anonima,9.0,26203492774.134,1530155.70044239,Importe_hipotecas,20000.0,12694.0,26559.0,15143.0,24668.0,16198.0,13332.0,33302.0,54902.0,23143.0,14533.0,15051.0
10.0,10.0,Cáceres,388.0,2014,Sociedad_Anonima,10.0,33620075321.1089,1242300.63638205,Importe_hipotecas,18205.0,14929.0,15697.0,13198.0,12265.0,11087.0,13002.0,9614.0,18548.0,14773.0,11941.0,11413.0
11.0,11.0,Cádiz,927.0,2014,Sociedad_Anonima,11.0,11546868058.7637,895286.367485857,Importe_hipotecas,92905.0,75932.0,51981.0,57559.0,62828.0,60312.0,47554.0,77817.0,90450.0,171477.0,66882.0,45653.0
12.0,12.0,Castellón/Castelló,859.0,2014,Sociedad_Anonima,12.0,11396498994.3888,689218.0799780571,Importe_hipotecas,33049.0,36089.0,20087.0,40103.0,31209.0,23705.0,38930.0,26557.0,22069.0,47902.0,22863.0,22709.0
13.0,13.0,Ciudad Real,491.0,2014,Sociedad_Anonima,13.0,32784774691.1465,1226477.61440341,Importe_hipotecas,22529.0,15927.0,15313.0,17478.0,16268.0,16525.0,16923.0,15045.0,22609.0,15866.0,24469.0,17834.0
14.0,14.0,Córdoba,761.0,2014,Sociedad_Anonima,14.0,22210490613.4485,1035879.20411489,Importe_hipotecas,42767.0,29217.0,46960.0,87355.0,34141.0,32172.0,29665.0,32683.0,35777.0,36589.0,27791.0,25837.0
15.0,15.0,"Coruña, A",1395.0,2014,Sociedad_Anonima,15.0,14932452746.9961,1672703.78439944,Importe_hipotecas,66565.0,52349.0,50551.0,42143.0,44612.0,71272.0,44284.0,45089.0,112339.0,62973.0,52785.0,39762.0
16.0,16.0,Cuenca,244.0,2014,Sociedad_Anonima,16.0,29155970159.0682,1004195.48622818,Importe_hipotecas,13287.0,5619.0,5441.0,8885.0,8068.0,9473.0,12160.0,14700.0,6610.0,13000.0,7283.0,6723.0
17.0,17.0,Girona,1854.0,2014,Sociedad_Anonima,17.0,10752045126.223,1070140.38049906,Importe_hipotecas,79874.0,53606.0,42411.0,43983.0,43278.0,46781.0,53726.0,82883.0,48038.0,55201.0,66008.0,45150.0
18.0,18.0,Granada,792.0,2014,Sociedad_Anonima,18.0,20029967206.933,901313.088636386,Importe_hipotecas,47325.0,31576.0,37726.0,41110.0,46021.0,56407.0,51193.0,37454.0,62764.0,77786.0,49724.0,34486.0
19.0,19.0,Guadalajara,308.0,2014,Sociedad_Anonima,19.0,21341530340.3421,1082690.53386729,Importe_hipotecas,12969.0,10519.0,9984.0,7184.0,25470.0,19632.0,13907.0,39130.0,16990.0,68165.0,63224.0,19941.0
20.0,20.0,Gipuzkoa,1643.0,2014,Sociedad_Anonima,20.0,3756971201.4628897,476274.62841412204,Importe_hipotecas,193907.0,114476.0,81439.0,50783.0,58845.0,50988.0,60406.0,67397.0,74239.0,55152.0,100215.0,71559.0
21.0,21.0,Huelva,404.0,2014,Sociedad_Anonima,21.0,16153285348.281,835365.683870377,Importe_hipotecas,34444.0,22978.0,25800.0,19545.0,31427.0,42410.0,27159.0,28065.0,29869.0,33189.0,22239.0,34203.0
22.0,22.0,Huesca,392.0,2014,Sociedad_Anonima,22.0,28522889036.2312,1093487.92655755,Importe_hipotecas,9110.0,10641.0,11881.0,10694.0,12439.0,10937.0,20308.0,8558.0,25885.0,11392.0,9096.0,20982.0
23.0,23.0,Jaén,372.0,2014,Sociedad_Anonima,23.0,21780119684.2118,848387.076715209,Importe_hipotecas,24540.0,20534.0,18466.0,16611.0,22218.0,19040.0,22457.0,24372.0,29139.0,29357.0,14288.0,18307.0
24.0,24.0,León,753.0,2014,Sociedad_Anonima,24.0,28794563640.7422,1141075.69540809,Importe_hipotecas,18721.0,10635.0,12891.0,14375.0,15946.0,16488.0,13573.0,14524.0,14562.0,18265.0,16678.0,10097.0
25.0,25.0,Lleida,787.0,2014,Sociedad_Anonima,25.0,22090712889.8223,1149186.28726613,Importe_hipotecas,18439.0,17311.0,15772.0,21231.0,18018.0,12675.0,22864.0,18437.0,16814.0,17701.0,25517.0,14438.0
26.0,26.0,"Rioja, La",730.0,2014,Sociedad_Anonima,26.0,9220827614.74902,780721.292206845,Importe_hipotecas,22340.0,19809.0,20744.0,17612.0,15550.0,14874.0,28157.0,13720.0,13884.0,25362.0,23487.0,12990.0
27.0,27.0,Lugo,256.0,2014,Sociedad_Anonima,27.0,18447358220.0669,987981.96377954,Importe_hipotecas,7771.0,11298.0,13527.0,6627.0,6047.0,117208.0,10437.0,9363.0,12735.0,8987.0,8609.0,9869.0
28.0,28.0,Madrid,28091.0,2014,Sociedad_Anonima,28.0,13901299004.0898,997240.028194125,Importe_hipotecas,653144.0,666834.0,990839.0,1160903.0,648034.0,666852.0,749484.0,891224.0,1020007.0,811450.0,650867.0,729527.0
29.0,29.0,Málaga,1885.0,2014,Sociedad_Anonima,29.0,11424758604.5872,780458.06915762,Importe_hipotecas,153324.0,95031.0,127005.0,132130.0,132233.0,132715.0,139996.0,149415.0,175921.0,145378.0,199646.0,132736.0
30.0,30.0,Murcia,1570.0,2014,Sociedad_Anonima,30.0,18250070913.3211,924896.652056495,Importe_hipotecas,67073.0,241957.0,66927.0,54242.0,84377.0,60334.0,70254.0,49804.0,71904.0,60504.0,66443.0,62644.0
31.0,31.0,Navarra,1363.0,2014,Sociedad_Anonima,31.0,19290430805.6213,1124671.5864665,Importe_hipotecas,77185.0,129004.0,53119.0,56307.0,39747.0,63092.0,43502.0,31137.0,62962.0,113541.0,36252.0,42347.0
32.0,32.0,Ourense,398.0,2014,Sociedad_Anonima,32.0,13264171450.1428,808496.1696782409,Importe_hipotecas,6295.0,8934.0,9959.0,17467.0,6709.0,4426.0,4984.0,10400.0,8166.0,22124.0,7617.0,7008.0
33.0,33.0,Asturias,1682.0,2014,Sociedad_Anonima,33.0,20019595252.5254,1234891.11505138,Importe_hipotecas,62575.0,122913.0,95570.0,62236.0,157622.0,35255.0,60901.0,37591.0,56317.0,43396.0,54658.0,36632.0
34.0,34.0,Palencia,223.0,2014,Sociedad_Anonima,34.0,14760770924.6606,970566.905500649,Importe_hipotecas,7259.0,9165.0,8100.0,6746.0,5536.0,11403.0,5306.0,12780.0,6208.0,5823.0,4723.0,3961.0
35.0,35.0,"Palmas, Las",1428.0,2014,Sociedad_Anonima,35.0,5250341373.94092,1059425.57153025,Importe_hipotecas,164910.0,53133.0,89784.0,134310.0,48799.0,99298.0,102365.0,61500.0,48751.0,47495.0,149192.0,51304.0
36.0,36.0,Pontevedra,1297.0,2014,Sociedad_Anonima,36.0,8246811088.907709,1089081.49719412,Importe_hipotecas,50748.0,32437.0,26420.0,33678.0,34035.0,38377.0,31910.0,45329.0,38312.0,42254.0,51445.0,35217.0
37.0,37.0,Salamanca,345.0,2014,Sociedad_Anonima,37.0,21576649161.0889,949093.601585701,Importe_hipotecas,21770.0,16116.0,29195.0,9490.0,15632.0,16570.0,14812.0,8388.0,19986.0,11929.0,14622.0,20653.0
38.0,38.0,Santa Cruz de Tenerife,1155.0,2014,Sociedad_Anonima,38.0,4370210415.83691,964270.952057753,Importe_hipotecas,72644.0,70704.0,49000.0,100878.0,37109.0,60109.0,62448.0,43836.0,102753.0,48843.0,55200.0,44723.0
39.0,39.0,Cantabria,825.0,2014,Sociedad_Anonima,39.0,10025234336.8828,1030723.27314431,Importe_hipotecas,33697.0,21936.0,23526.0,19815.0,27643.0,20148.0,32690.0,47027.0,21136.0,53768.0,25577.0,27742.0
40.0,40.0,Segovia,252.0,2014,Sociedad_Anonima,40.0,12228511132.8375,682490.780198299,Importe_hipotecas,14999.0,16318.0,6811.0,4781.0,10109.0,5251.0,9979.0,10974.0,10017.0,7470.0,10575.0,4877.0
41.0,41.0,Sevilla,2109.0,2014,Sociedad_Anonima,41.0,22302112098.7773,1151383.07981696,Importe_hipotecas,95408.0,89522.0,98748.0,79524.0,90148.0,87574.0,111997.0,79347.0,141284.0,112384.0,119674.0,95093.0
42.0,42.0,Soria,183.0,2014,Sociedad_Anonima,42.0,18457978154.5591,887721.466661127,Importe_hipotecas,6870.0,6271.0,14184.0,5219.0,9276.0,3870.0,7171.0,8488.0,20202.0,49224.0,2558.0,1225.0
43.0,43.0,Tarragona,1236.0,2014,Sociedad_Anonima,43.0,11107383509.1959,934594.116306717,Importe_hipotecas,41891.0,36663.0,34625.0,50677.0,55913.0,30543.0,43055.0,42186.0,33905.0,43469.0,28865.0,45266.0
44.0,44.0,Teruel,190.0,2014,Sociedad_Anonima,44.0,25764193799.5302,1167749.0880056003,Importe_hipotecas,5049.0,9605.0,9571.0,4276.0,6105.0,9576.0,3697.0,3432.0,6099.0,9044.0,9749.0,1482.0
45.0,45.0,Toledo,807.0,2014,Sociedad_Anonima,45.0,26065010226.1974,1233071.99926331,Importe_hipotecas,37200.0,23820.0,34236.0,27036.0,31314.0,35643.0,32844.0,34546.0,27098.0,24680.0,71505.0,28181.0
46.0,46.0,Valencia/Valéncia,3307.0,2014,Sociedad_Anonima,46.0,18110130397.9234,1006499.31881275,Importe_hipotecas,126214.0,671980.0,275126.0,84679.0,117043.0,99755.0,101271.0,101718.0,149135.0,132239.0,141616.0,101866.0
47.0,47.0,Valladolid,890.0,2014,Sociedad_Anonima,47.0,14531327306.3015,993224.077367262,Importe_hipotecas,34921.0,21816.0,20366.0,28030.0,27721.0,38624.0,24657.0,18448.0,29363.0,26603.0,17813.0,27628.0
48.0,48.0,Bizkaia,2882.0,2014,Sociedad_Anonima,48.0,4161383760.41016,618804.57009096,Importe_hipotecas,156622.0,95952.0,89574.0,110171.0,108362.0,89399.0,106845.0,108020.0,89564.0,83064.0,135127.0,71491.0
49.0,49.0,Zamora,177.0,2014,Sociedad_Anonima,49.0,18976873417.3408,1017874.53482692,Importe_hipotecas,21489.0,5270.0,9362.0,6745.0,5472.0,5563.0,7285.0,10088.0,5385.0,8183.0,6700.0,17678.0
50.0,50.0,Zaragoza,2030.0,2014,Sociedad_Anonima,50.0,30937790469.125,1582276.45562791,Importe_hipotecas,61993.0,38591.0,189501.0,246570.0,84135.0,219202.0,50835.0,69402.0,95944.0,54844.0,58437.0,81553.0
1.0,1.0,Araba/Álava,1029.0,2013,Sociedad_Anonima,1.0,5558819816.938479,899065.384760544,Importe_hipotecas,76596.0,77317.0,77911.0,71916.0,52847.0,29996.0,35099.0,10177.0,50122.0,27207.0,34151.0,16957.0
2.0,2.0,Albacete,603.0,2013,Sociedad_Anonima,2.0,24628869196.6688,982714.9831766171,Importe_hipotecas,22383.0,19987.0,18270.0,18806.0,14165.0,12971.0,13620.0,16344.0,9673.0,14409.0,13703.0,17726.0
3.0,3.0,Alicante,1879.0,2013,Sociedad_Anonima,3.0,9507175453.60967,698396.737290055,Importe_hipotecas,137025.0,112458.0,62312.0,95976.0,99618.0,71849.0,73411.0,64905.0,76012.0,84276.0,95848.0,82477.0
4.0,4.0,Almería,737.0,2013,Sociedad_Anonima,4.0,13855293063.9255,764383.039721032,Importe_hipotecas,107050.0,145279.0,40129.0,37177.0,58134.0,74481.0,38961.0,89914.0,55025.0,65692.0,117736.0,43417.0
5.0,5.0,Ávila,165.0,2013,Sociedad_Anonima,5.0,13966290552.5479,825947.5261177691,Importe_hipotecas,15053.0,16766.0,9070.0,5693.0,8314.0,8791.0,8949.0,4372.0,4443.0,10290.0,3590.0,4181.0
6.0,6.0,Badajoz,755.0,2013,Sociedad_Anonima,6.0,35803975339.5203,1452266.34287763,Importe_hipotecas,44616.0,38102.0,69280.0,32507.0,37404.0,41952.0,24422.0,23563.0,28841.0,23851.0,19059.0,28182.0
7.0,7.0,"Balears, Illes",2697.0,2013,Sociedad_Anonima,7.0,8397658655.339479,1885856.05039272,Importe_hipotecas,148457.0,122090.0,102224.0,101632.0,151018.0,108212.0,100929.0,82978.0,135795.0,88465.0,134829.0,89339.0
8.0,8.0,Barcelona,17686.0,2013,Sociedad_Anonima,8.0,13892170189.5469,1078129.1918187,Importe_hipotecas,508912.0,475751.0,375337.0,438780.0,376285.0,306212.0,414963.0,264923.0,326116.0,354571.0,252917.0,217837.0
9.0,9.0,Burgos,740.0,2013,Sociedad_Anonima,9.0,26203492774.134,1530155.70044239,Importe_hipotecas,39458.0,31527.0,26634.0,20446.0,29126.0,26490.0,27662.0,18054.0,15774.0,16164.0,20675.0,21117.0
10.0,10.0,Cáceres,401.0,2013,Sociedad_Anonima,10.0,33620075321.1089,1242300.63638205,Importe_hipotecas,22407.0,16981.0,11296.0,12794.0,15831.0,8252.0,11818.0,14017.0,11315.0,8926.0,8434.0,15028.0
11.0,11.0,Cádiz,950.0,2013,Sociedad_Anonima,11.0,11546868058.7637,895286.367485857,Importe_hipotecas,185890.0,110136.0,72536.0,53816.0,96957.0,86091.0,45341.0,39284.0,45424.0,228750.0,38105.0,37171.0
12.0,12.0,Castellón/Castelló,903.0,2013,Sociedad_Anonima,12.0,11396498994.3888,689218.0799780571,Importe_hipotecas,46281.0,44817.0,29980.0,38445.0,38701.0,32046.0,31455.0,29480.0,24025.0,62688.0,33887.0,21087.0
13.0,13.0,Ciudad Real,509.0,2013,Sociedad_Anonima,13.0,32784774691.1465,1226477.61440341,Importe_hipotecas,24088.0,26530.0,13528.0,22969.0,19472.0,17648.0,20340.0,15045.0,15956.0,41401.0,15980.0,16925.0
14.0,14.0,Córdoba,801.0,2013,Sociedad_Anonima,14.0,22210490613.4485,1035879.20411489,Importe_hipotecas,67778.0,78542.0,64273.0,37902.0,82157.0,53779.0,26383.0,28282.0,40649.0,21793.0,42553.0,24298.0
15.0,15.0,"Coruña, A",1460.0,2013,Sociedad_Anonima,15.0,14932452746.9961,1672703.78439944,Importe_hipotecas,90748.0,84191.0,63070.0,62644.0,92998.0,34876.0,81918.0,37690.0,34839.0,51119.0,45695.0,81695.0
16.0,16.0,Cuenca,259.0,2013,Sociedad_Anonima,16.0,29155970159.0682,1004195.48622818,Importe_hipotecas,19100.0,21968.0,6082.0,6929.0,7691.0,6647.0,7354.0,4269.0,7993.0,5693.0,6901.0,6490.0
17.0,17.0,Girona,1918.0,2013,Sociedad_Anonima,17.0,10752045126.223,1070140.38049906,Importe_hipotecas,89791.0,78578.0,61043.0,61340.0,69868.0,49697.0,73290.0,51302.0,57457.0,53619.0,49893.0,32034.0
18.0,18.0,Granada,826.0,2013,Sociedad_Anonima,18.0,20029967206.933,901313.088636386,Importe_hipotecas,72061.0,48118.0,36515.0,41367.0,40050.0,55496.0,38858.0,53522.0,51098.0,33024.0,37986.0,33993.0
19.0,19.0,Guadalajara,315.0,2013,Sociedad_Anonima,19.0,21341530340.3421,1082690.53386729,Importe_hipotecas,17798.0,32968.0,12924.0,19315.0,13891.0,16221.0,39726.0,13837.0,11622.0,23329.0,38315.0,12221.0
20.0,20.0,Gipuzkoa,1749.0,2013,Sociedad_Anonima,20.0,3756971201.4628897,476274.62841412204,Importe_hipotecas,92413.0,130052.0,101487.0,85249.0,73938.0,51178.0,54840.0,66127.0,88816.0,73886.0,38535.0,53765.0
21.0,21.0,Huelva,426.0,2013,Sociedad_Anonima,21.0,16153285348.281,835365.683870377,Importe_hipotecas,63485.0,46277.0,24757.0,33558.0,26304.0,28949.0,15171.0,18774.0,22913.0,31714.0,39693.0,17993.0
22.0,22.0,Huesca,405.0,2013,Sociedad_Anonima,22.0,28522889036.2312,1093487.92655755,Importe_hipotecas,31280.0,22142.0,11904.0,25008.0,18382.0,22774.0,13484.0,18202.0,10904.0,11470.0,11358.0,15201.0
23.0,23.0,Jaén,392.0,2013,Sociedad_Anonima,23.0,21780119684.2118,848387.076715209,Importe_hipotecas,47414.0,25223.0,27807.0,29951.0,36783.0,27150.0,69571.0,37155.0,18395.0,23704.0,11500.0,23595.0
24.0,24.0,León,781.0,2013,Sociedad_Anonima,24.0,28794563640.7422,1141075.69540809,Importe_hipotecas,19564.0,19277.0,14718.0,13517.0,35183.0,76646.0,24794.0,9394.0,14769.0,41673.0,17782.0,9431.0
25.0,25.0,Lleida,820.0,2013,Sociedad_Anonima,25.0,22090712889.8223,1149186.28726613,Importe_hipotecas,34206.0,30051.0,21653.0,23958.0,25784.0,20245.0,17945.0,18445.0,13726.0,14848.0,16431.0,17841.0
26.0,26.0,"Rioja, La",763.0,2013,Sociedad_Anonima,26.0,9220827614.74902,780721.292206845,Importe_hipotecas,33156.0,34016.0,97780.0,18769.0,18036.0,17605.0,16950.0,19778.0,12122.0,17086.0,29175.0,36090.0
27.0,27.0,Lugo,263.0,2013,Sociedad_Anonima,27.0,18447358220.0669,987981.96377954,Importe_hipotecas,19705.0,14691.0,8334.0,10739.0,11180.0,9606.0,20294.0,7369.0,12183.0,51972.0,10253.0,5815.0
28.0,28.0,Madrid,28804.0,2013,Sociedad_Anonima,28.0,13901299004.0898,997240.028194125,Importe_hipotecas,818629.0,861670.0,489810.0,597788.0,510059.0,589472.0,552613.0,454828.0,581145.0,519717.0,556717.0,447334.0
29.0,29.0,Málaga,1944.0,2013,Sociedad_Anonima,29.0,11424758604.5872,780458.06915762,Importe_hipotecas,200535.0,138617.0,128597.0,130371.0,181843.0,116034.0,111598.0,73514.0,100945.0,108558.0,84744.0,90408.0
30.0,30.0,Murcia,1641.0,2013,Sociedad_Anonima,30.0,18250070913.3211,924896.652056495,Importe_hipotecas,99356.0,89774.0,77963.0,77747.0,447597.0,58974.0,65796.0,48110.0,87644.0,61741.0,51566.0,45538.0
31.0,31.0,Navarra,1439.0,2013,Sociedad_Anonima,31.0,19290430805.6213,1124671.5864665,Importe_hipotecas,60533.0,68794.0,68296.0,42934.0,56059.0,37388.0,40559.0,24857.0,41526.0,60751.0,51359.0,42965.0
32.0,32.0,Ourense,416.0,2013,Sociedad_Anonima,32.0,13264171450.1428,808496.1696782409,Importe_hipotecas,12866.0,14586.0,5981.0,7197.0,15076.0,3353.0,8076.0,5119.0,12234.0,6867.0,9511.0,4877.0
33.0,33.0,Asturias,1735.0,2013,Sociedad_Anonima,33.0,20019595252.5254,1234891.11505138,Importe_hipotecas,66183.0,84931.0,51321.0,61391.0,51513.0,42177.0,42144.0,35652.0,69072.0,67870.0,56586.0,46164.0
34.0,34.0,Palencia,232.0,2013,Sociedad_Anonima,34.0,14760770924.6606,970566.905500649,Importe_hipotecas,9709.0,18046.0,7994.0,5009.0,13985.0,5401.0,11586.0,7731.0,16925.0,7627.0,9896.0,7047.0
35.0,35.0,"Palmas, Las",1489.0,2013,Sociedad_Anonima,35.0,5250341373.94092,1059425.57153025,Importe_hipotecas,91477.0,126229.0,65400.0,91608.0,79755.0,58808.0,57665.0,61640.0,57590.0,96446.0,53430.0,91385.0
36.0,36.0,Pontevedra,1326.0,2013,Sociedad_Anonima,36.0,8246811088.907709,1089081.49719412,Importe_hipotecas,54433.0,54125.0,43203.0,33994.0,42672.0,32907.0,40314.0,29408.0,29548.0,55825.0,66553.0,30617.0
37.0,37.0,Salamanca,359.0,2013,Sociedad_Anonima,37.0,21576649161.0889,949093.601585701,Importe_hipotecas,24728.0,41941.0,18056.0,19876.0,20167.0,12651.0,12723.0,11989.0,18290.0,10401.0,13039.0,15336.0
38.0,38.0,Santa Cruz de Tenerife,1203.0,2013,Sociedad_Anonima,38.0,4370210415.83691,964270.952057753,Importe_hipotecas,69789.0,58726.0,79534.0,55499.0,39584.0,34563.0,32869.0,45276.0,42108.0,36234.0,54269.0,57335.0
39.0,39.0,Cantabria,863.0,2013,Sociedad_Anonima,39.0,10025234336.8828,1030723.27314431,Importe_hipotecas,76595.0,59735.0,29753.0,36433.0,35694.0,19891.0,38757.0,91853.0,23318.0,38100.0,26750.0,26553.0
40.0,40.0,Segovia,258.0,2013,Sociedad_Anonima,40.0,12228511132.8375,682490.780198299,Importe_hipotecas,32268.0,24290.0,8820.0,46972.0,8059.0,6645.0,27467.0,8768.0,10062.0,8555.0,4104.0,9373.0
41.0,41.0,Sevilla,2202.0,2013,Sociedad_Anonima,41.0,22302112098.7773,1151383.07981696,Importe_hipotecas,154189.0,116303.0,117198.0,116791.0,133417.0,107794.0,67897.0,104448.0,85624.0,96068.0,96452.0,82476.0
42.0,42.0,Soria,184.0,2013,Sociedad_Anonima,42.0,18457978154.5591,887721.466661127,Importe_hipotecas,17736.0,27504.0,4823.0,7914.0,7582.0,8499.0,2548.0,12373.0,9058.0,2319.0,10396.0,3841.0
43.0,43.0,Tarragona,1288.0,2013,Sociedad_Anonima,43.0,11107383509.1959,934594.116306717,Importe_hipotecas,70941.0,87411.0,85484.0,47673.0,48340.0,48542.0,47487.0,28833.0,40801.0,39664.0,47237.0,26800.0
44.0,44.0,Teruel,197.0,2013,Sociedad_Anonima,44.0,25764193799.5302,1167749.0880056003,Importe_hipotecas,13001.0,9973.0,11838.0,3999.0,14193.0,6933.0,5666.0,4072.0,9045.0,6099.0,8751.0,6172.0
45.0,45.0,Toledo,868.0,2013,Sociedad_Anonima,45.0,26065010226.1974,1233071.99926331,Importe_hipotecas,54690.0,51833.0,31445.0,41380.0,37701.0,36515.0,33794.0,33094.0,30685.0,30520.0,24213.0,23393.0
46.0,46.0,Valencia/Valéncia,3455.0,2013,Sociedad_Anonima,46.0,18110130397.9234,1006499.31881275,Importe_hipotecas,163856.0,175713.0,105393.0,140396.0,104158.0,93818.0,74455.0,66644.0,115921.0,124421.0,92469.0,91908.0
47.0,47.0,Valladolid,934.0,2013,Sociedad_Anonima,47.0,14531327306.3015,993224.077367262,Importe_hipotecas,35690.0,48022.0,19663.0,26936.0,23954.0,20254.0,19229.0,29719.0,16722.0,19343.0,21718.0,19888.0
48.0,48.0,Bizkaia,3023.0,2013,Sociedad_Anonima,48.0,4161383760.41016,618804.57009096,Importe_hipotecas,193803.0,105481.0,71351.0,87122.0,90778.0,66592.0,83907.0,58150.0,58573.0,110063.0,77200.0,66973.0
49.0,49.0,Zamora,186.0,2013,Sociedad_Anonima,49.0,18976873417.3408,1017874.53482692,Importe_hipotecas,15178.0,15836.0,11234.0,22138.0,18418.0,5838.0,3413.0,5745.0,4528.0,8677.0,6318.0,5630.0
50.0,50.0,Zaragoza,2135.0,2013,Sociedad_Anonima,50.0,30937790469.125,1582276.45562791,Importe_hipotecas,122004.0,93132.0,82712.0,86517.0,82507.0,105984.0,87025.0,63045.0,56798.0,42388.0,48434.0,56742.0
1.0,1.0,Araba/Álava,1118.0,2012,Sociedad_Anonima,1.0,5558819816.938479,899065.384760544,Importe_hipotecas,0.0,0.0,109097.0,70167.0,75141.0,41202.0,56979.0,27400.0,77746.0,92029.0,58120.0,62563.0
2.0,2.0,Albacete,636.0,2012,Sociedad_Anonima,2.0,24628869196.6688,982714.9831766171,Importe_hipotecas,0.0,0.0,23846.0,17625.0,29274.0,44780.0,16208.0,22060.0,13158.0,20102.0,14234.0,28754.0
3.0,3.0,Alicante,2014.0,2012,Sociedad_Anonima,3.0,9507175453.60967,698396.737290055,Importe_hipotecas,0.0,0.0,175471.0,122338.0,136956.0,157793.0,136208.0,156306.0,133786.0,124843.0,88062.0,92012.0
4.0,4.0,Almería,765.0,2012,Sociedad_Anonima,4.0,13855293063.9255,764383.039721032,Importe_hipotecas,0.0,0.0,75803.0,80301.0,74816.0,174120.0,76833.0,78762.0,101758.0,67291.0,94973.0,55710.0
5.0,5.0,Ávila,176.0,2012,Sociedad_Anonima,5.0,13966290552.5479,825947.5261177691,Importe_hipotecas,0.0,0.0,13539.0,15627.0,23815.0,22596.0,13390.0,10043.0,10787.0,82102.0,18128.0,3722.0
6.0,6.0,Badajoz,796.0,2012,Sociedad_Anonima,6.0,35803975339.5203,1452266.34287763,Importe_hipotecas,0.0,0.0,38666.0,37071.0,41804.0,30315.0,30193.0,63351.0,27685.0,42857.0,33400.0,32573.0
7.0,7.0,"Balears, Illes",2872.0,2012,Sociedad_Anonima,7.0,8397658655.339479,1885856.05039272,Importe_hipotecas,0.0,0.0,127827.0,167238.0,185353.0,135495.0,157523.0,122059.0,131489.0,106665.0,128677.0,194684.0
8.0,8.0,Barcelona,19167.0,2012,Sociedad_Anonima,8.0,13892170189.5469,1078129.1918187,Importe_hipotecas,0.0,0.0,519292.0,549847.0,597092.0,578899.0,455377.0,371633.0,445918.0,348291.0,399851.0,252986.0
9.0,9.0,Burgos,771.0,2012,Sociedad_Anonima,9.0,26203492774.134,1530155.70044239,Importe_hipotecas,0.0,0.0,51274.0,45595.0,45800.0,33880.0,48427.0,32649.0,32970.0,22489.0,16725.0,36417.0
10.0,10.0,Cáceres,443.0,2012,Sociedad_Anonima,10.0,33620075321.1089,1242300.63638205,Importe_hipotecas,0.0,0.0,22753.0,21753.0,29100.0,20694.0,27352.0,13828.0,15118.0,15384.0,32502.0,12443.0
11.0,11.0,Cádiz,1033.0,2012,Sociedad_Anonima,11.0,11546868058.7637,895286.367485857,Importe_hipotecas,0.0,0.0,97063.0,99449.0,117239.0,90638.0,119947.0,58133.0,81208.0,76784.0,96365.0,61152.0
12.0,12.0,Castellón/Castelló,942.0,2012,Sociedad_Anonima,12.0,11396498994.3888,689218.0799780571,Importe_hipotecas,0.0,0.0,73893.0,64970.0,77656.0,41023.0,48025.0,53118.0,46784.0,39732.0,50480.0,35430.0
13.0,13.0,Ciudad Real,547.0,2012,Sociedad_Anonima,13.0,32784774691.1465,1226477.61440341,Importe_hipotecas,0.0,0.0,25676.0,33999.0,21480.0,32880.0,26701.0,37650.0,42525.0,59712.0,18656.0,12624.0
14.0,14.0,Córdoba,883.0,2012,Sociedad_Anonima,14.0,22210490613.4485,1035879.20411489,Importe_hipotecas,0.0,0.0,69366.0,90976.0,45380.0,47412.0,39856.0,55977.0,89169.0,51687.0,42880.0,49954.0
15.0,15.0,"Coruña, A",1547.0,2012,Sociedad_Anonima,15.0,14932452746.9961,1672703.78439944,Importe_hipotecas,0.0,0.0,78739.0,53182.0,84417.0,94594.0,73872.0,65213.0,59012.0,69491.0,74569.0,44927.0
16.0,16.0,Cuenca,268.0,2012,Sociedad_Anonima,16.0,29155970159.0682,1004195.48622818,Importe_hipotecas,0.0,0.0,9164.0,11280.0,8024.0,17675.0,5413.0,7237.0,8744.0,6468.0,6946.0,7930.0
17.0,17.0,Girona,2005.0,2012,Sociedad_Anonima,17.0,10752045126.223,1070140.38049906,Importe_hipotecas,0.0,0.0,102088.0,76836.0,185539.0,105480.0,88735.0,68528.0,76693.0,84265.0,59729.0,46387.0
18.0,18.0,Granada,869.0,2012,Sociedad_Anonima,18.0,20029967206.933,901313.088636386,Importe_hipotecas,0.0,0.0,163238.0,55136.0,81756.0,63589.0,59303.0,45742.0,55708.0,42868.0,49316.0,37846.0
19.0,19.0,Guadalajara,326.0,2012,Sociedad_Anonima,19.0,21341530340.3421,1082690.53386729,Importe_hipotecas,0.0,0.0,67690.0,36568.0,51963.0,91203.0,43639.0,23098.0,15893.0,14495.0,31680.0,17168.0
20.0,20.0,Gipuzkoa,1896.0,2012,Sociedad_Anonima,20.0,3756971201.4628897,476274.62841412204,Importe_hipotecas,0.0,0.0,113790.0,93731.0,112584.0,119182.0,94826.0,68980.0,69911.0,57923.0,66667.0,74592.0
21.0,21.0,Huelva,459.0,2012,Sociedad_Anonima,21.0,16153285348.281,835365.683870377,Importe_hipotecas,0.0,0.0,43912.0,34721.0,41259.0,175543.0,43386.0,34091.0,32197.0,30753.0,33800.0,29020.0
22.0,22.0,Huesca,435.0,2012,Sociedad_Anonima,22.0,28522889036.2312,1093487.92655755,Importe_hipotecas,0.0,0.0,25379.0,18077.0,19660.0,18738.0,18588.0,17389.0,35912.0,24063.0,32173.0,26851.0
23.0,23.0,Jaén,411.0,2012,Sociedad_Anonima,23.0,21780119684.2118,848387.076715209,Importe_hipotecas,0.0,0.0,51920.0,26297.0,94366.0,37008.0,30322.0,30762.0,27599.0,23514.0,24144.0,19269.0
24.0,24.0,León,818.0,2012,Sociedad_Anonima,24.0,28794563640.7422,1141075.69540809,Importe_hipotecas,0.0,0.0,40867.0,22699.0,32782.0,31908.0,21574.0,26171.0,22899.0,52995.0,20105.0,15426.0
25.0,25.0,Lleida,866.0,2012,Sociedad_Anonima,25.0,22090712889.8223,1149186.28726613,Importe_hipotecas,0.0,0.0,39456.0,47123.0,32266.0,54607.0,43983.0,24235.0,31140.0,26304.0,20982.0,19034.0
26.0,26.0,"Rioja, La",790.0,2012,Sociedad_Anonima,26.0,9220827614.74902,780721.292206845,Importe_hipotecas,0.0,0.0,24754.0,39901.0,35820.0,24768.0,34950.0,39268.0,24288.0,32627.0,54071.0,16463.0
27.0,27.0,Lugo,269.0,2012,Sociedad_Anonima,27.0,18447358220.0669,987981.96377954,Importe_hipotecas,0.0,0.0,28559.0,15800.0,18364.0,23014.0,33605.0,12538.0,9577.0,17953.0,9338.0,11403.0
28.0,28.0,Madrid,30274.0,2012,Sociedad_Anonima,28.0,13901299004.0898,997240.028194125,Importe_hipotecas,0.0,0.0,809875.0,706459.0,671815.0,924745.0,677497.0,632200.0,770630.0,673351.0,712718.0,678412.0
29.0,29.0,Málaga,2074.0,2012,Sociedad_Anonima,29.0,11424758604.5872,780458.06915762,Importe_hipotecas,0.0,0.0,168286.0,144744.0,240019.0,190981.0,201958.0,248137.0,167194.0,159868.0,130305.0,112560.0
30.0,30.0,Murcia,1706.0,2012,Sociedad_Anonima,30.0,18250070913.3211,924896.652056495,Importe_hipotecas,0.0,0.0,122387.0,107788.0,140553.0,127354.0,126964.0,122030.0,105448.0,103292.0,105137.0,97470.0
31.0,31.0,Navarra,1504.0,2012,Sociedad_Anonima,31.0,19290430805.6213,1124671.5864665,Importe_hipotecas,0.0,0.0,106518.0,73548.0,145875.0,74665.0,53371.0,71739.0,52033.0,48353.0,49526.0,43243.0
32.0,32.0,Ourense,436.0,2012,Sociedad_Anonima,32.0,13264171450.1428,808496.1696782409,Importe_hipotecas,0.0,0.0,12298.0,7928.0,14915.0,9337.0,9893.0,10818.0,8803.0,14346.0,7968.0,7887.0
33.0,33.0,Asturias,1847.0,2012,Sociedad_Anonima,33.0,20019595252.5254,1234891.11505138,Importe_hipotecas,0.0,0.0,112716.0,61476.0,108214.0,52511.0,88807.0,60247.0,107893.0,72758.0,50492.0,85069.0
34.0,34.0,Palencia,246.0,2012,Sociedad_Anonima,34.0,14760770924.6606,970566.905500649,Importe_hipotecas,0.0,0.0,14375.0,9883.0,16227.0,16362.0,20692.0,8475.0,8040.0,17696.0,12805.0,12873.0
35.0,35.0,"Palmas, Las",1518.0,2012,Sociedad_Anonima,35.0,5250341373.94092,1059425.57153025,Importe_hipotecas,0.0,0.0,97665.0,94960.0,83217.0,179643.0,110680.0,76764.0,89876.0,78676.0,92109.0,111969.0
36.0,36.0,Pontevedra,1395.0,2012,Sociedad_Anonima,36.0,8246811088.907709,1089081.49719412,Importe_hipotecas,0.0,0.0,58000.0,41651.0,84569.0,49562.0,63364.0,106178.0,62320.0,69692.0,55037.0,53873.0
37.0,37.0,Salamanca,380.0,2012,Sociedad_Anonima,37.0,21576649161.0889,949093.601585701,Importe_hipotecas,0.0,0.0,40952.0,24365.0,33196.0,31740.0,38306.0,15023.0,33012.0,20267.0,20170.0,16587.0
38.0,38.0,Santa Cruz de Tenerife,1242.0,2012,Sociedad_Anonima,38.0,4370210415.83691,964270.952057753,Importe_hipotecas,0.0,0.0,77887.0,49428.0,77859.0,64134.0,53801.0,70085.0,37261.0,53809.0,46733.0,42529.0
39.0,39.0,Cantabria,908.0,2012,Sociedad_Anonima,39.0,10025234336.8828,1030723.27314431,Importe_hipotecas,0.0,0.0,58279.0,39344.0,50248.0,59406.0,50900.0,60634.0,43218.0,34729.0,34143.0,34032.0
40.0,40.0,Segovia,268.0,2012,Sociedad_Anonima,40.0,12228511132.8375,682490.780198299,Importe_hipotecas,0.0,0.0,12095.0,13797.0,14248.0,27492.0,14380.0,18755.0,10539.0,9894.0,17502.0,9691.0
41.0,41.0,Sevilla,2346.0,2012,Sociedad_Anonima,41.0,22302112098.7773,1151383.07981696,Importe_hipotecas,0.0,0.0,165162.0,112246.0,168295.0,149384.0,179541.0,156823.0,135825.0,124902.0,128605.0,80103.0
42.0,42.0,Soria,187.0,2012,Sociedad_Anonima,42.0,18457978154.5591,887721.466661127,Importe_hipotecas,0.0,0.0,8984.0,43935.0,7782.0,10446.0,7334.0,23070.0,4562.0,3758.0,26124.0,1785.0
43.0,43.0,Tarragona,1383.0,2012,Sociedad_Anonima,43.0,11107383509.1959,934594.116306717,Importe_hipotecas,0.0,0.0,96047.0,70465.0,95231.0,71282.0,59342.0,136043.0,102628.0,101946.0,69067.0,34538.0
44.0,44.0,Teruel,203.0,2012,Sociedad_Anonima,44.0,25764193799.5302,1167749.0880056003,Importe_hipotecas,0.0,0.0,16243.0,5175.0,16873.0,18740.0,8311.0,9346.0,7382.0,21136.0,7401.0,12035.0
45.0,45.0,Toledo,895.0,2012,Sociedad_Anonima,45.0,26065010226.1974,1233071.99926331,Importe_hipotecas,0.0,0.0,81774.0,36162.0,149184.0,76178.0,99128.0,54641.0,56942.0,49203.0,34948.0,34218.0
46.0,46.0,Valencia/Valéncia,3690.0,2012,Sociedad_Anonima,46.0,18110130397.9234,1006499.31881275,Importe_hipotecas,0.0,0.0,130802.0,169262.0,217382.0,203446.0,157059.0,140082.0,202186.0,154857.0,136441.0,128180.0
47.0,47.0,Valladolid,994.0,2012,Sociedad_Anonima,47.0,14531327306.3015,993224.077367262,Importe_hipotecas,0.0,0.0,135383.0,102090.0,59044.0,75584.0,38859.0,34193.0,40644.0,37891.0,37084.0,20939.0
48.0,48.0,Bizkaia,3274.0,2012,Sociedad_Anonima,48.0,4161383760.41016,618804.57009096,Importe_hipotecas,0.0,0.0,84451.0,103254.0,137935.0,119781.0,128032.0,124331.0,152992.0,76138.0,104743.0,89919.0
49.0,49.0,Zamora,193.0,2012,Sociedad_Anonima,49.0,18976873417.3408,1017874.53482692,Importe_hipotecas,0.0,0.0,17940.0,9443.0,13609.0,20675.0,16863.0,8965.0,17179.0,7514.0,6869.0,11955.0
50.0,50.0,Zaragoza,2253.0,2012,Sociedad_Anonima,50.0,30937790469.125,1582276.45562791,Importe_hipotecas,0.0,0.0,84144.0,65461.0,72755.0,80867.0,109781.0,71273.0,67518.0,62700.0,123384.0,82916.0
